Model,MAE,MSE,RMSE,R² Score
With G1 and G2,1.1050632911392408,3.4867417721518983,1.867281920908543,0.8299569015097052
Without G1 and G2,2.995822784810126,13.826345569620255,3.718379427871805,0.3257101342481168
Combined Model,1.4278101265822787,4.0813305696202535,2.020230325883723,0.8009597092723408
